mutations,average_distance,single_predictions,sum_single_predictions,ddmut_prediction
A L114P,nan,-1.77,-1.77,nan
A P115G,nan,-0.2,-0.2,nan
A P115A,nan,0.12,0.12,nan
A P115V,nan,-0.01,-0.01,nan
A P115L,nan,-0.01,-0.01,nan
A P115M,nan,-0.04,-0.04,nan
A P115I,nan,-0.23,-0.23,nan
A P115F,nan,0.14,0.14,nan
A P115Y,nan,-0.12,-0.12,nan
A P115W,nan,0.14,0.14,nan
A P115K,nan,0.11,0.11,nan
A P115R,nan,0.16,0.16,nan
A P115H,nan,0.04,0.04,nan
A P115D,nan,-0.0,0.0,nan
A P115E,nan,0.3,0.3,nan
A P115S,nan,0.17,0.17,nan
A P115T,nan,-0.02,-0.02,nan
A P115C,nan,0.15,0.15,nan
A P115N,nan,-0.07,-0.07,nan
A P115Q,nan,0.21,0.21,nan
A A116G,nan,-0.27,-0.27,nan
A A116V,nan,-0.03,-0.03,nan
A A116L,nan,-0.02,-0.02,nan
A A116M,nan,-0.01,-0.01,nan
A A116I,nan,-0.06,-0.06,nan
A A116F,nan,-0.15,-0.15,nan
A A116Y,nan,-0.05,-0.05,nan
A A116W,nan,-0.26,-0.26,nan
A A116K,nan,0.02,0.02,nan
A A116R,nan,0.01,0.01,nan
A A116H,nan,-0.04,-0.04,nan
A A116D,nan,0.02,0.02,nan
A A116E,nan,0.02,0.02,nan
A A116S,nan,-0.0,0.0,nan
A A116T,nan,-0.08,-0.08,nan
A A116C,nan,-0.06,-0.06,nan
A A116N,nan,-0.01,-0.01,nan
A A116Q,nan,0.02,0.02,nan
A A116P,nan,-0.0,0.0,nan
A N117G,nan,-0.69,-0.69,nan
A N117A,nan,-0.17,-0.17,nan
A N117V,nan,0.39,0.39,nan
A N117L,nan,0.34,0.34,nan
A N117M,nan,0.63,0.63,nan
A N117I,nan,0.39,0.39,nan
A N117F,nan,0.33,0.33,nan
A N117Y,nan,0.6,0.6,nan
A N117W,nan,0.1,0.1,nan
A N117K,nan,0.09,0.09,nan
A N117R,nan,0.35,0.35,nan
A N117H,nan,0.03,0.03,nan
A N117D,nan,0.2,0.2,nan
A N117E,nan,0.15,0.15,nan
A N117S,nan,0.12,0.12,nan
A N117T,nan,0.05,0.05,nan
A N117C,nan,0.44,0.44,nan
A N117Q,nan,0.03,0.03,nan
A N117P,nan,-1.25,-1.25,nan
A T118G,nan,-0.98,-0.98,nan
A T118A,nan,-0.22,-0.22,nan
A T118V,nan,0.38,0.38,nan
A T118L,nan,0.32,0.32,nan
A T118M,nan,0.14,0.14,nan
A T118I,nan,0.68,0.68,nan
A T118F,nan,0.6,0.6,nan
A T118Y,nan,0.62,0.62,nan
A T118W,nan,0.67,0.67,nan
A T118K,nan,0.03,0.03,nan
A T118R,nan,0.14,0.14,nan
A T118H,nan,0.12,0.12,nan
A T118D,nan,-0.13,-0.13,nan
A T118E,nan,0.04,0.04,nan
A T118S,nan,-0.02,-0.02,nan
A T118C,nan,0.17,0.17,nan
A T118N,nan,0.2,0.2,nan
A T118Q,nan,0.03,0.03,nan
A T118P,nan,-1.17,-1.17,nan
A S119G,nan,-1.05,-1.05,nan
A S119A,nan,-0.29,-0.29,nan
A S119V,nan,0.94,0.94,nan
A S119L,nan,0.57,0.57,nan
A S119M,nan,1.37,1.37,nan
A S119I,nan,1.09,1.09,nan
A S119F,nan,0.94,0.94,nan
A S119Y,nan,-1.31,-1.31,nan
A S119W,nan,-1.16,-1.16,nan
A S119K,nan,0.17,0.17,nan
A S119R,nan,-0.45,-0.45,nan
A S119H,nan,-0.31,-0.31,nan
A S119D,nan,-0.72,-0.72,nan
A S119E,nan,0.51,0.51,nan
A S119T,nan,0.05,0.05,nan
A S119C,nan,0.74,0.74,nan
A S119N,nan,-0.28,-0.28,nan
A S119Q,nan,0.3,0.3,nan
A S119P,nan,-0.76,-0.76,nan
A R120G,nan,-1.27,-1.27,nan
A R120A,nan,-0.61,-0.61,nan
A R120V,nan,0.02,0.02,nan
A R120L,nan,0.04,0.04,nan
A R120M,nan,-0.18,-0.18,nan
A R120I,nan,0.06,0.06,nan
A R120F,nan,-0.09,-0.09,nan
A R120Y,nan,-0.21,-0.21,nan
A R120W,nan,-0.78,-0.78,nan
A R120K,nan,-0.17,-0.17,nan
A R120H,nan,-1.0,-1.0,nan
A R120D,nan,-1.59,-1.59,nan
A R120E,nan,-0.94,-0.94,nan
A R120S,nan,-0.9,-0.9,nan
A R120T,nan,-0.12,-0.12,nan
A R120C,nan,0.07,0.07,nan
A R120N,nan,-0.88,-0.88,nan
A R120Q,nan,-0.59,-0.59,nan
A R120P,nan,-1.42,-1.42,nan
A E121G,nan,-0.89,-0.89,nan
A E121A,nan,0.16,0.16,nan
A E121V,nan,1.22,1.22,nan
A E121L,nan,0.82,0.82,nan
A E121M,nan,0.57,0.57,nan
A E121I,nan,0.88,0.88,nan
A E121F,nan,0.69,0.69,nan
A E121Y,nan,1.0,1.0,nan
A E121W,nan,1.14,1.14,nan
A E121K,nan,0.24,0.24,nan
A E121R,nan,0.3,0.3,nan
A E121H,nan,0.44,0.44,nan
A E121D,nan,-0.05,-0.05,nan
A E121S,nan,-0.27,-0.27,nan
A E121T,nan,0.13,0.13,nan
A E121C,nan,0.51,0.51,nan
A E121N,nan,0.09,0.09,nan
A E121Q,nan,0.07,0.07,nan
A E121P,nan,-0.12,-0.12,nan
A R122G,nan,-1.77,-1.77,nan
A R122A,nan,-1.07,-1.07,nan
A R122V,nan,-0.17,-0.17,nan
A R122L,nan,-0.12,-0.12,nan
A R122M,nan,-0.29,-0.29,nan
A R122I,nan,-0.06,-0.06,nan
A R122F,nan,-0.61,-0.61,nan
A R122Y,nan,-0.52,-0.52,nan
A R122W,nan,-0.89,-0.89,nan
A R122K,nan,-0.4,-0.4,nan
A R122H,nan,-1.0,-1.0,nan
A R122D,nan,-1.48,-1.48,nan
A R122E,nan,-1.33,-1.33,nan
A R122S,nan,-1.33,-1.33,nan
A R122T,nan,-0.85,-0.85,nan
A R122C,nan,-0.05,-0.05,nan
A R122N,nan,-1.33,-1.33,nan
A R122Q,nan,-1.18,-1.18,nan
A R122P,nan,-1.89,-1.89,nan
A L123G,nan,-3.75,-3.75,nan
A L123A,nan,-2.14,-2.14,nan
A L123V,nan,-0.75,-0.75,nan
A L123M,nan,-0.59,-0.59,nan
A L123I,nan,-0.59,-0.59,nan
A L123F,nan,-0.82,-0.82,nan
A L123Y,nan,-1.86,-1.86,nan
A L123W,nan,-2.3,-2.3,nan
A L123K,nan,-1.95,-1.95,nan
A L123R,nan,-1.81,-1.81,nan
A L123H,nan,-3.04,-3.04,nan
A L123D,nan,-3.33,-3.33,nan
A L123E,nan,-2.87,-2.87,nan
A L123S,nan,-3.17,-3.17,nan
A L123T,nan,-2.43,-2.43,nan
A L123C,nan,-1.97,-1.97,nan
A L123N,nan,-2.8,-2.8,nan
A L123Q,nan,-2.22,-2.22,nan
A L123P,nan,-2.22,-2.22,nan
A D124G,nan,-1.93,-1.93,nan
A D124A,nan,-1.09,-1.09,nan
A D124V,nan,-0.63,-0.63,nan
A D124L,nan,-0.82,-0.82,nan
A D124M,nan,-0.27,-0.27,nan
A D124I,nan,0.17,0.17,nan
A D124F,nan,-0.74,-0.74,nan
A D124Y,nan,-0.74,-0.74,nan
A D124W,nan,-0.8,-0.8,nan
A D124K,nan,-1.74,-1.74,nan
A D124R,nan,-1.27,-1.27,nan
A D124H,nan,-1.85,-1.85,nan
A D124E,nan,-0.68,-0.68,nan
A D124S,nan,-0.76,-0.76,nan
A D124T,nan,-0.63,-0.63,nan
A D124C,nan,-0.35,-0.35,nan
A D124N,nan,-0.49,-0.49,nan
A D124Q,nan,-0.83,-0.83,nan
A D124P,nan,-2.32,-2.32,nan
A L125G,nan,-2.45,-2.45,nan
A L125A,nan,-1.52,-1.52,nan
A L125V,nan,-0.36,-0.36,nan
A L125M,nan,-0.23,-0.23,nan
A L125I,nan,-0.32,-0.32,nan
A L125F,nan,-0.04,-0.04,nan
A L125Y,nan,-0.01,-0.01,nan
A L125W,nan,-0.04,-0.04,nan
A L125K,nan,-0.49,-0.49,nan
A L125R,nan,-0.08,-0.08,nan
A L125H,nan,-1.05,-1.05,nan
A L125D,nan,-1.62,-1.62,nan
A L125E,nan,-0.98,-0.98,nan
A L125S,nan,-1.21,-1.21,nan
A L125T,nan,-1.01,-1.01,nan
A L125C,nan,-1.28,-1.28,nan
A L125N,nan,-1.22,-1.22,nan
A L125Q,nan,-0.42,-0.42,nan
A L125P,nan,-1.96,-1.96,nan
A L126G,nan,-3.36,-3.36,nan
A L126A,nan,-2.15,-2.15,nan
A L126V,nan,-0.72,-0.72,nan
A L126M,nan,-0.52,-0.52,nan
A L126I,nan,-0.63,-0.63,nan
A L126F,nan,-0.29,-0.29,nan
A L126Y,nan,-0.29,-0.29,nan
A L126W,nan,-0.02,-0.02,nan
A L126K,nan,-1.38,-1.38,nan
A L126R,nan,-0.74,-0.74,nan
A L126H,nan,-1.82,-1.82,nan
A L126D,nan,-2.65,-2.65,nan
A L126E,nan,-2.18,-2.18,nan
A L126S,nan,-2.16,-2.16,nan
A L126T,nan,-1.78,-1.78,nan
A L126C,nan,-1.52,-1.52,nan
A L126N,nan,-2.24,-2.24,nan
A L126Q,nan,-1.56,-1.56,nan
A L126P,nan,-2.56,-2.56,nan
A D127G,nan,-1.82,-1.82,nan
A D127A,nan,-1.09,-1.09,nan
A D127V,nan,-0.32,-0.32,nan
A D127L,nan,-0.23,-0.23,nan
A D127M,nan,-0.39,-0.39,nan
A D127I,nan,0.28,0.28,nan
A D127F,nan,-0.37,-0.37,nan
A D127Y,nan,-0.43,-0.43,nan
A D127W,nan,-0.48,-0.48,nan
A D127K,nan,-1.67,-1.67,nan
A D127R,nan,-1.62,-1.62,nan
A D127H,nan,-1.79,-1.79,nan
A D127E,nan,-0.69,-0.69,nan
A D127S,nan,-0.66,-0.66,nan
A D127T,nan,-0.77,-0.77,nan
A D127C,nan,-0.29,-0.29,nan
A D127N,nan,-0.84,-0.84,nan
A D127Q,nan,-1.07,-1.07,nan
A D127P,nan,-2.1,-2.1,nan
A D128G,nan,-0.87,-0.87,nan
A D128A,nan,-0.25,-0.25,nan
A D128V,nan,-0.26,-0.26,nan
A D128L,nan,-0.18,-0.18,nan
A D128M,nan,-0.2,-0.2,nan
A D128I,nan,-0.23,-0.23,nan
A D128F,nan,-0.3,-0.3,nan
A D128Y,nan,-0.16,-0.16,nan
A D128W,nan,-0.27,-0.27,nan
A D128K,nan,-0.42,-0.42,nan
A D128R,nan,-0.21,-0.21,nan
A D128H,nan,-0.54,-0.54,nan
A D128E,nan,-0.3,-0.3,nan
A D128S,nan,-0.11,-0.11,nan
A D128T,nan,-0.18,-0.18,nan
A D128C,nan,-0.22,-0.22,nan
A D128N,nan,-0.31,-0.31,nan
A D128Q,nan,-0.3,-0.3,nan
A D128P,nan,-1.62,-1.62,nan
A D129G,nan,0.03,0.03,nan
A D129A,nan,0.04,0.04,nan
A D129V,nan,0.04,0.04,nan
A D129L,nan,0.06,0.06,nan
A D129M,nan,0.04,0.04,nan
A D129I,nan,0.12,0.12,nan
A D129F,nan,0.04,0.04,nan
A D129Y,nan,0.05,0.05,nan
A D129W,nan,0.04,0.04,nan
A D129K,nan,0.06,0.06,nan
A D129R,nan,0.11,0.11,nan
A D129H,nan,0.05,0.05,nan
A D129E,nan,0.1,0.1,nan
A D129S,nan,0.08,0.08,nan
A D129T,nan,0.05,0.05,nan
A D129C,nan,0.03,0.03,nan
A D129N,nan,0.15,0.15,nan
A D129Q,nan,0.05,0.05,nan
A D129P,nan,-0.47,-0.47,nan
A R130G,nan,-0.69,-0.69,nan
A R130A,nan,-0.55,-0.55,nan
A R130V,nan,-0.0,0.0,nan
A R130L,nan,0.01,0.01,nan
A R130M,nan,-0.02,-0.02,nan
A R130I,nan,0.01,0.01,nan
A R130F,nan,-0.0,0.0,nan
A R130Y,nan,-0.04,-0.04,nan
A R130W,nan,-0.13,-0.13,nan
A R130K,nan,-0.11,-0.11,nan
A R130H,nan,-0.9,-0.9,nan
A R130D,nan,-0.76,-0.76,nan
A R130E,nan,-0.16,-0.16,nan
A R130S,nan,-0.6,-0.6,nan
A R130T,nan,-0.26,-0.26,nan
A R130C,nan,-0.0,0.0,nan
A R130N,nan,-0.43,-0.43,nan
A R130Q,nan,-0.73,-0.73,nan
A R130P,nan,-0.92,-0.92,nan
A R131G,nan,-0.93,-0.93,nan
A R131A,nan,-0.51,-0.51,nan
A R131V,nan,-0.61,-0.61,nan
A R131L,nan,-0.17,-0.17,nan
A R131M,nan,-0.26,-0.26,nan
A R131I,nan,-0.35,-0.35,nan
A R131F,nan,-0.11,-0.11,nan
A R131Y,nan,-0.2,-0.2,nan
A R131W,nan,-0.36,-0.36,nan
A R131K,nan,-0.18,-0.18,nan
A R131H,nan,-0.35,-0.35,nan
A R131D,nan,-0.68,-0.68,nan
A R131E,nan,-0.08,-0.08,nan
A R131S,nan,-0.9,-0.9,nan
A R131T,nan,-0.24,-0.24,nan
A R131C,nan,-0.4,-0.4,nan
A R131N,nan,-0.46,-0.46,nan
A R131Q,nan,-0.23,-0.23,nan
A R131P,nan,-0.88,-0.88,nan
A V132G,nan,-3.19,-3.19,nan
A V132A,nan,-1.73,-1.73,nan
A V132L,nan,-0.52,-0.52,nan
A V132M,nan,-0.97,-0.97,nan
A V132I,nan,-0.39,-0.39,nan
A V132F,nan,-1.73,-1.73,nan
A V132Y,nan,-1.82,-1.82,nan
A V132W,nan,-2.3,-2.3,nan
A V132K,nan,-2.09,-2.09,nan
A V132R,nan,-1.3,-1.3,nan
A V132H,nan,-2.34,-2.34,nan
A V132D,nan,-3.07,-3.07,nan
A V132E,nan,-2.45,-2.45,nan
A V132S,nan,-3.03,-3.03,nan
A V132T,nan,-1.9,-1.9,nan
A V132C,nan,-1.33,-1.33,nan
A V132N,nan,-2.93,-2.93,nan
A V132Q,nan,-2.62,-2.62,nan
A V132P,nan,-2.4,-2.4,nan
A T133G,nan,-1.73,-1.73,nan
A T133A,nan,-0.58,-0.58,nan
A T133V,nan,0.79,0.79,nan
A T133L,nan,0.48,0.48,nan
A T133M,nan,0.18,0.18,nan
A T133I,nan,1.36,1.36,nan
A T133F,nan,1.07,1.07,nan
A T133Y,nan,1.77,1.77,nan
A T133W,nan,0.89,0.89,nan
A T133K,nan,-0.34,-0.34,nan
A T133R,nan,0.22,0.22,nan
A T133H,nan,-1.22,-1.22,nan
A T133D,nan,-1.31,-1.31,nan
A T133E,nan,-0.5,-0.5,nan
A T133S,nan,-0.3,-0.3,nan
A T133C,nan,-0.46,-0.46,nan
A T133N,nan,-0.9,-0.9,nan
A T133Q,nan,-0.32,-0.32,nan
A T133P,nan,-1.57,-1.57,nan
A G134A,nan,0.02,0.02,nan
A G134V,nan,0.99,0.99,nan
A G134L,nan,1.08,1.08,nan
A G134M,nan,0.62,0.62,nan
A G134I,nan,0.92,0.92,nan
A G134F,nan,0.04,0.04,nan
A G134Y,nan,0.06,0.06,nan
A G134W,nan,-0.06,-0.06,nan
A G134K,nan,-0.01,-0.01,nan
A G134R,nan,-0.65,-0.65,nan
A G134H,nan,-1.14,-1.14,nan
A G134D,nan,-0.78,-0.78,nan
A G134E,nan,-0.15,-0.15,nan
A G134S,nan,-0.09,-0.09,nan
A G134T,nan,-0.06,-0.06,nan
A G134C,nan,-0.38,-0.38,nan
A G134N,nan,-0.76,-0.76,nan
A G134Q,nan,-0.2,-0.2,nan
A G134P,nan,-0.52,-0.52,nan
A F135G,nan,-3.8,-3.8,nan
A F135A,nan,-2.77,-2.77,nan
A F135V,nan,-2.19,-2.19,nan
A F135L,nan,-1.47,-1.47,nan
A F135M,nan,-1.45,-1.45,nan
A F135I,nan,-1.67,-1.67,nan
A F135Y,nan,-0.55,-0.55,nan
A F135W,nan,-0.72,-0.72,nan
A F135K,nan,-2.73,-2.73,nan
A F135R,nan,-2.17,-2.17,nan
A F135H,nan,-2.52,-2.52,nan
A F135D,nan,-3.16,-3.16,nan
A F135E,nan,-2.99,-2.99,nan
A F135S,nan,-3.12,-3.12,nan
A F135T,nan,-3.19,-3.19,nan
A F135C,nan,-2.33,-2.33,nan
A F135N,nan,-2.83,-2.83,nan
A F135Q,nan,-2.78,-2.78,nan
A F135P,nan,-2.71,-2.71,nan
A S136G,nan,-1.06,-1.06,nan
A S136A,nan,-0.18,-0.18,nan
A S136V,nan,0.49,0.49,nan
A S136L,nan,0.13,0.13,nan
A S136M,nan,0.51,0.51,nan
A S136I,nan,0.91,0.91,nan
A S136F,nan,0.32,0.32,nan
A S136Y,nan,1.57,1.57,nan
A S136W,nan,-0.22,-0.22,nan
A S136K,nan,0.11,0.11,nan
A S136R,nan,0.41,0.41,nan
A S136H,nan,-0.21,-0.21,nan
A S136D,nan,-0.77,-0.77,nan
A S136E,nan,0.17,0.17,nan
A S136T,nan,0.05,0.05,nan
A S136C,nan,0.41,0.41,nan
A S136N,nan,-0.4,-0.4,nan
A S136Q,nan,-0.07,-0.07,nan
A S136P,nan,-1.19,-1.19,nan
A I137G,nan,-2.47,-2.47,nan
A I137A,nan,-1.42,-1.42,nan
A I137V,nan,0.15,0.15,nan
A I137L,nan,0.11,0.11,nan
A I137M,nan,0.07,0.07,nan
A I137F,nan,-0.43,-0.43,nan
A I137Y,nan,-1.3,-1.3,nan
A I137W,nan,-1.43,-1.43,nan
A I137K,nan,-0.63,-0.63,nan
A I137R,nan,-0.89,-0.89,nan
A I137H,nan,-1.76,-1.76,nan
A I137D,nan,-1.84,-1.84,nan
A I137E,nan,-1.48,-1.48,nan
A I137S,nan,-1.66,-1.66,nan
A I137T,nan,-0.95,-0.95,nan
A I137C,nan,-0.71,-0.71,nan
A I137N,nan,-0.53,-0.53,nan
A I137Q,nan,-1.39,-1.39,nan
A I137P,nan,-1.89,-1.89,nan
A T138G,nan,-0.25,-0.25,nan
A T138A,nan,0.11,0.11,nan
A T138V,nan,0.24,0.24,nan
A T138L,nan,0.18,0.18,nan
A T138M,nan,0.19,0.19,nan
A T138I,nan,0.31,0.31,nan
A T138F,nan,0.2,0.2,nan
A T138Y,nan,0.23,0.23,nan
A T138W,nan,0.2,0.2,nan
A T138K,nan,0.19,0.19,nan
A T138R,nan,0.25,0.25,nan
A T138H,nan,0.16,0.16,nan
A T138D,nan,0.2,0.2,nan
A T138E,nan,0.2,0.2,nan
A T138S,nan,0.17,0.17,nan
A T138C,nan,0.16,0.16,nan
A T138N,nan,0.16,0.16,nan
A T138Q,nan,0.18,0.18,nan
A T138P,nan,-1.18,-1.18,nan
A G139A,nan,0.32,0.32,nan
A G139V,nan,0.05,0.05,nan
A G139L,nan,0.05,0.05,nan
A G139M,nan,0.25,0.25,nan
A G139I,nan,0.36,0.36,nan
A G139F,nan,0.05,0.05,nan
A G139Y,nan,0.11,0.11,nan
A G139W,nan,0.22,0.22,nan
A G139K,nan,0.3,0.3,nan
A G139R,nan,0.29,0.29,nan
A G139H,nan,0.14,0.14,nan
A G139D,nan,0.51,0.51,nan
A G139E,nan,0.34,0.34,nan
A G139S,nan,0.33,0.33,nan
A G139T,nan,0.27,0.27,nan
A G139C,nan,0.27,0.27,nan
A G139N,nan,0.35,0.35,nan
A G139Q,nan,0.29,0.29,nan
A G139P,nan,-0.02,-0.02,nan
A G140A,nan,-0.46,-0.46,nan
A G140V,nan,-1.06,-1.06,nan
A G140L,nan,-0.71,-0.71,nan
A G140M,nan,-0.42,-0.42,nan
A G140I,nan,-0.91,-0.91,nan
A G140F,nan,-0.67,-0.67,nan
A G140Y,nan,-0.62,-0.62,nan
A G140W,nan,-0.31,-0.31,nan
A G140K,nan,-0.15,-0.15,nan
A G140R,nan,-0.03,-0.03,nan
A G140H,nan,-0.58,-0.58,nan
A G140D,nan,-0.21,-0.21,nan
A G140E,nan,-0.3,-0.3,nan
A G140S,nan,-0.32,-0.32,nan
A G140T,nan,-0.55,-0.55,nan
A G140C,nan,-0.21,-0.21,nan
A G140N,nan,-0.16,-0.16,nan
A G140Q,nan,-0.21,-0.21,nan
A G140P,nan,-1.44,-1.44,nan
A E141G,nan,-2.16,-2.16,nan
A E141A,nan,-0.92,-0.92,nan
A E141V,nan,-1.24,-1.24,nan
A E141L,nan,-0.97,-0.97,nan
A E141M,nan,-0.99,-0.99,nan
